order_id,customer_id,product_id,quantity,price,order_date
O1,C171,P22,1.0,531.0,2025-08-29
O2,C149,P23,4.0,2971.0,2026-04-11
O3,C196,P58,5.0,821.0,2026-03-23
O4,C53,P27,1.0,4977.0,2025-08-24
O5,C53,P56,2.0,1914.0,2025-07-31
O6,C71,P95,4.0,,2025-10-18
O7,C156,P26,1.0,1069.0,2026-01-14
O8,C209,P96,-5.0,3590.0,2025-10-16
O9,C78,P11,5.0,1790.0,2025-07-28
O10,C286,P89,1.0,273.0,2026-05-08
O11,C215,P66,,2248.0,2026-03-12
O12,C238,P9,5.0,4692.0,2025-08-17
O13,C96,P58,2.0,3433.0,2025-11-05
O14,C7,P98,3.0,2093.0,2026-04-16
O15,C157,P27,1.0,652.0,2026-03-17
O16,C258,P54,3.0,2065.0,2026-03-05
O17,C27,P66,3.0,4125.0,2025-11-30
O18,C235,P52,5.0,4171.0,2026-02-28
O19,C175,P26,4.0,4002.0,2025-08-22
O20,C63,P58,4.0,3307.0,2025-11-12
O21,C17,P60,2.0,4021.0,2025-06-04
O22,C103,P7,2.0,4103.0,2026-01-16
O23,C143,P5,3.0,4059.0,2025-11-30
O24,C262,P49,4.0,668.0,2025-07-30
O25,C237,P37,4.0,3497.0,2025-06-09
O26,C17,P32,1.0,893.0,2025-09-08
O27,C39,P8,3.0,2572.0,2025-12-12
O28,C245,P51,2.0,4291.0,2026-02-27
O29,C41,P95,5.0,139.0,2025-06-28
O30,C202,P64,5.0,3229.0,2025-09-19
O31,C76,P89,5.0,3715.0,2025-12-10
O32,C239,P62,1.0,4540.0,2026-04-02
O33,C116,P93,2.0,1781.0,2025-07-05
O34,C238,P15,2.0,2570.0,2025-07-15
O35,C65,P69,1.0,2678.0,2025-08-28
O36,C67,P37,2.0,4148.0,2025-07-19
O37,C137,P31,4.0,738.0,2026-04-29
O38,C177,P4,3.0,4455.0,2026-04-11
O39,C115,P29,1.0,4586.0,2026-03-05
O40,C6,P8,3.0,2497.0,2025-08-16
O41,C165,P10,1.0,2415.0,2026-01-20
O42,C59,P93,1.0,2371.0,2026-02-25
O43,C155,P24,4.0,3876.0,2026-05-02
O44,C44,P89,4.0,4791.0,2025-10-06
O45,C268,P26,3.0,262.0,2026-02-26
O46,C100,P97,1.0,281.0,2025-10-14
O47,C168,P55,2.0,1149.0,2025-11-11
O48,C84,P26,1.0,806.0,2025-11-19
O49,C211,P33,1.0,850.0,2026-02-10
O50,C266,P4,1.0,1163.0,2025-12-11
O51,C228,P8,1.0,3477.0,2025-10-08
O52,C106,P92,5.0,1796.0,2026-01-18
O53,C126,P24,3.0,3801.0,2026-04-11
O54,C122,P95,1.0,3526.0,2025-12-01
O55,C200,P44,2.0,4786.0,2025-11-30
O56,C51,P89,3.0,839.0,2025-12-31
O57,C203,P32,4.0,4836.0,2025-09-04
O58,C221,P78,1.0,1082.0,2026-04-09
O59,C255,P85,4.0,364.0,2025-07-17
O60,C91,P47,2.0,3783.0,2025-05-13
O61,C159,P77,2.0,2040.0,2025-06-28
O62,C140,P89,1.0,1441.0,2026-01-21
O63,C168,P70,2.0,3132.0,2026-01-27
O64,C222,P56,4.0,3697.0,2026-01-02
O65,C123,P66,5.0,4968.0,2025-12-20
O66,C267,P28,2.0,2202.0,2025-10-05
O67,C262,P87,5.0,1193.0,2025-10-17
O68,C264,P85,4.0,3297.0,2025-11-02
O69,C199,P83,1.0,3088.0,2025-06-05
O70,C54,P6,1.0,1033.0,2025-11-22
O71,C164,P50,2.0,4482.0,2025-12-28
O72,C82,P100,1.0,1122.0,2026-01-14
O73,C211,P49,2.0,4010.0,2025-06-22
O74,C26,P48,5.0,747.0,2026-02-03
O75,C138,P32,4.0,2162.0,2025-08-30
O76,C95,P71,2.0,3551.0,2025-07-09
O77,C155,P73,2.0,4151.0,2025-12-18
O78,C43,P9,4.0,4470.0,2026-01-05
O79,C207,P83,1.0,2799.0,2025-07-10
O80,C203,P81,3.0,2559.0,2025-11-15
O81,C187,P43,4.0,3265.0,2025-09-26
O82,C81,P13,5.0,4085.0,2025-08-03
O83,C249,P72,5.0,3501.0,2026-03-18
O84,C92,P91,3.0,3273.0,2025-12-21
O85,C136,P8,5.0,1779.0,2026-01-09
O86,C160,P73,4.0,1052.0,2026-05-04
O87,C284,P20,3.0,1475.0,2026-02-19
O88,C246,P62,2.0,4396.0,2025-06-26
O89,C159,P93,2.0,4444.0,2026-04-23
O90,C34,P92,1.0,925.0,2026-04-23
O91,C222,P9,4.0,3223.0,2026-05-06
O92,C22,P25,5.0,1712.0,2026-03-31
O93,C90,P5,2.0,1960.0,2025-08-28
O94,C288,P56,3.0,3345.0,2025-07-28
O95,C215,P31,5.0,2352.0,2026-03-19
O96,C158,P66,2.0,430.0,2025-08-05
O97,C82,P49,3.0,1613.0,2026-01-24
O98,C189,P50,1.0,3658.0,2025-10-27
O99,C242,P93,1.0,1465.0,2026-02-11
O100,C75,P98,4.0,1006.0,2025-09-08
O101,C236,P41,4.0,3912.0,2025-07-09
O102,C283,P91,1.0,4149.0,2025-09-10
O103,C290,P36,1.0,1634.0,2026-05-08
O104,C83,P8,1.0,1832.0,2025-06-20
O105,C272,P90,3.0,3764.0,2026-04-04
O106,C262,P66,1.0,1728.0,2025-12-25
O107,C23,P41,4.0,3611.0,2025-09-01
O108,C34,P28,5.0,4596.0,2025-09-05
O109,C267,P40,5.0,262.0,2025-10-24
O110,C114,P3,5.0,2546.0,2025-06-24
O111,C225,P82,4.0,2158.0,2025-09-15
O112,C59,P58,4.0,4907.0,2025-08-22
O113,C111,P54,3.0,2110.0,2025-08-25
O114,C5,P38,3.0,3303.0,2025-08-17
O115,C221,P41,4.0,261.0,2026-01-29
O116,C243,P24,1.0,2411.0,2025-09-14
O117,C133,P25,4.0,4356.0,2026-03-25
O118,C95,P32,1.0,254.0,2025-07-03
O119,C84,P44,5.0,4062.0,2025-11-05
O120,C28,P11,4.0,243.0,2026-03-07
O121,C151,P59,2.0,2245.0,2026-04-17
O122,C226,P81,2.0,1210.0,2025-11-29
O123,C46,P68,1.0,4885.0,2025-12-29
O124,C298,P29,4.0,4241.0,2026-04-10
O125,C180,P74,4.0,1022.0,2025-10-03
O126,C131,P1,1.0,3225.0,2025-06-16
O127,C18,P45,4.0,3474.0,2026-02-14
O128,C216,P98,3.0,3481.0,2025-10-26
O129,C242,P20,4.0,3971.0,2025-08-26
O130,C48,P58,3.0,1815.0,2025-08-07
O131,C267,P19,3.0,4101.0,2026-03-20
O132,C91,P86,1.0,1551.0,2025-07-25
O133,C198,P19,1.0,4282.0,2025-11-28
O134,C233,P46,4.0,696.0,2026-01-02
O135,C86,P26,2.0,4001.0,2025-12-27
O136,C115,P79,3.0,4259.0,2026-03-09
O137,C252,P13,3.0,1290.0,2025-08-08
O138,C187,P35,1.0,4748.0,2025-11-13
O139,C71,P17,4.0,3341.0,2026-03-20
O140,C244,P32,1.0,1345.0,2026-03-13
O141,C185,P81,3.0,4290.0,2026-02-15
O142,C173,P9,5.0,3285.0,2026-01-24
O143,C283,P44,1.0,1179.0,2025-12-01
O144,C190,P97,4.0,4050.0,2025-09-14
O145,C89,P56,3.0,2715.0,2026-03-22
O146,C230,P80,3.0,2228.0,2026-04-23
O147,C230,P67,1.0,1826.0,2025-09-22
O148,C162,P97,3.0,4065.0,2025-07-22
O149,C7,P25,2.0,1067.0,2026-03-17
O150,C266,P22,5.0,3513.0,2025-12-11
O151,C61,P43,3.0,4916.0,2026-04-27
O152,C139,P38,4.0,2866.0,2025-09-30
O153,C299,P90,1.0,1234.0,2025-09-19
O154,C122,P81,3.0,2665.0,2025-10-10
O155,C255,P27,2.0,1279.0,2025-12-25
O156,C23,P74,2.0,4616.0,2025-10-31
O157,C88,P5,1.0,1943.0,2025-08-12
O158,C57,P64,3.0,3560.0,2025-05-14
O159,C3,P31,5.0,2017.0,2026-05-11
O160,C208,P89,2.0,4887.0,2026-01-26
O161,C167,P17,3.0,2427.0,2026-04-29
O162,C17,P26,2.0,2751.0,2025-10-18
O163,C153,P3,1.0,1907.0,2026-04-13
O164,C289,P21,1.0,585.0,2025-11-04
O165,C7,P58,3.0,2456.0,2025-12-28
O166,C193,P31,4.0,3728.0,2025-06-27
O167,C139,P65,5.0,582.0,2025-10-21
O168,C2,P30,4.0,1448.0,2025-11-11
O169,C52,P56,3.0,2160.0,2025-11-12
O170,C151,P49,3.0,3646.0,2025-12-02
O171,C57,P97,1.0,1488.0,2025-12-23
O172,C154,P41,1.0,1967.0,2025-06-02
O173,C70,P26,4.0,1977.0,2025-07-26
O174,C13,P24,3.0,3265.0,2025-05-17
O175,C175,P28,3.0,2724.0,2025-09-23
O176,C192,P79,1.0,4495.0,2025-12-29
O177,C2,P61,4.0,1137.0,2026-04-29
O178,C15,P3,1.0,3473.0,2025-10-04
O179,C121,P38,3.0,1968.0,2025-07-13
O180,C70,P28,4.0,724.0,2026-05-05
O181,C69,P10,2.0,472.0,2025-06-14
O182,C87,P2,1.0,4241.0,2025-10-27
O183,C75,P60,1.0,3677.0,2026-04-01
O184,C10,P34,5.0,4326.0,2026-04-25
O185,C220,P7,2.0,2133.0,2026-02-19
O186,C289,P97,5.0,1613.0,2026-04-25
O187,C188,P62,5.0,734.0,2025-11-10
O188,C220,P10,2.0,356.0,2025-12-05
O189,C214,P8,5.0,1420.0,2025-05-20
O190,C214,P71,3.0,1135.0,2025-11-10
O191,C215,P59,4.0,1848.0,2025-12-26
O192,C57,P8,3.0,1153.0,2026-01-29
O193,C271,P66,2.0,1248.0,2025-12-16
O194,C45,P84,1.0,3229.0,2025-10-10
O195,C151,P66,2.0,884.0,2025-06-27
O196,C140,P50,3.0,968.0,2025-08-06
O197,C60,P37,4.0,2620.0,2025-05-17
O198,C60,P93,2.0,1400.0,2025-10-14
O199,C156,P76,3.0,440.0,2025-10-14
O200,C155,P5,2.0,4634.0,2026-01-08
O201,C287,P100,1.0,2311.0,2026-03-27
O202,C114,P94,5.0,3234.0,2026-04-15
O203,C78,P18,3.0,4864.0,2025-05-17
O204,C199,P22,2.0,337.0,2025-07-05
O205,C192,P64,4.0,1099.0,2025-12-27
O206,C132,P33,3.0,158.0,2025-12-16
O207,C63,P4,2.0,2828.0,2025-09-18
O208,C35,P14,3.0,3210.0,2025-10-19
O209,C151,P42,4.0,1558.0,2025-09-09
O210,C51,P1,2.0,952.0,2025-09-23
O211,C10,P14,2.0,1624.0,2026-04-30
O212,C294,P53,4.0,4562.0,2025-08-15
O213,C212,P98,5.0,4180.0,2026-02-01
O214,C177,P20,5.0,816.0,2025-12-12
O215,C224,P42,1.0,1897.0,2026-01-24
O216,C120,P63,4.0,146.0,2025-08-07
O217,C96,P9,4.0,202.0,2025-11-02
O218,C283,P77,4.0,3180.0,2026-03-28
O219,C160,P33,3.0,3978.0,2025-10-20
O220,C128,P80,3.0,4569.0,2025-06-26
O221,C293,P25,3.0,3126.0,2025-08-05
O222,C155,P95,1.0,3515.0,2025-12-03
O223,C274,P71,5.0,1823.0,2026-01-16
O224,C268,P68,2.0,2118.0,2026-04-29
O225,C151,P75,1.0,4402.0,2025-12-21
O226,C49,P3,4.0,4764.0,2026-03-29
O227,C134,P45,1.0,3974.0,2026-01-29
O228,C242,P18,5.0,3431.0,2026-01-13
O229,C209,P7,1.0,343.0,2026-02-13
O230,C152,P95,1.0,3575.0,2026-03-29
O231,C204,P6,4.0,4535.0,2025-06-11
O232,C29,P69,1.0,1271.0,2026-03-09
O233,C131,P76,4.0,3857.0,2026-01-14
O234,C271,P95,4.0,2349.0,2025-05-28
O235,C179,P33,5.0,3542.0,2025-10-14
O236,C250,P34,4.0,4790.0,2025-06-04
O237,C135,P13,2.0,1407.0,2025-11-26
O238,C67,P13,3.0,3790.0,2025-07-16
O239,C46,P96,1.0,319.0,2025-07-11
O240,C73,P61,3.0,3693.0,2026-02-02
O241,C45,P29,5.0,2946.0,2025-08-15
O242,C112,P41,5.0,4093.0,2026-01-16
O243,C122,P38,2.0,4221.0,2026-05-11
O244,C288,P77,4.0,3150.0,2025-07-12
O245,C58,P20,2.0,1349.0,2025-11-15
O246,C96,P74,1.0,4419.0,2026-01-26
O247,C135,P61,3.0,3176.0,2025-06-16
O248,C63,P77,5.0,2693.0,2025-12-15
O249,C138,P78,2.0,2218.0,2025-05-26
O250,C66,P100,1.0,2866.0,2025-12-08
O251,C9,P44,4.0,2951.0,2026-01-18
O252,C34,P48,3.0,3854.0,2025-06-13
O253,C249,P87,2.0,3829.0,2025-12-17
O254,C239,P1,5.0,1312.0,2026-04-21
O255,C272,P20,2.0,1260.0,2026-03-08
O256,C119,P9,3.0,1517.0,2026-03-07
O257,C156,P49,1.0,3711.0,2026-02-18
O258,C238,P64,5.0,3187.0,2025-11-24
O259,C242,P81,2.0,3727.0,2025-05-29
O260,C187,P6,5.0,1635.0,2026-02-07
O261,C16,P17,3.0,324.0,2025-11-18
O262,C35,P37,3.0,4118.0,2025-09-06
O263,C209,P33,3.0,3861.0,2025-10-06
O264,C163,P97,4.0,3486.0,2025-10-15
O265,C9,P65,3.0,950.0,2025-06-07
O266,C60,P67,1.0,1866.0,2025-12-26
O267,C233,P88,2.0,3978.0,2026-05-04
O268,C164,P33,4.0,4691.0,2026-02-24
O269,C199,P41,3.0,1116.0,2026-01-05
O270,C94,P80,1.0,2819.0,2026-03-21
O271,C131,P90,4.0,4787.0,2026-02-22
O272,C175,P18,4.0,4413.0,2025-10-22
O273,C227,P51,3.0,1596.0,2025-09-06
O274,C180,P53,5.0,2285.0,2025-05-18
O275,C213,P46,2.0,1798.0,2025-12-11
O276,C122,P55,3.0,2786.0,2025-07-10
O277,C104,P95,5.0,875.0,2026-04-30
O278,C117,P6,5.0,580.0,2025-10-13
O279,C261,P89,3.0,3338.0,2025-10-28
O280,C82,P75,5.0,4666.0,2025-05-19
O281,C11,P59,5.0,617.0,2025-08-23
O282,C212,P55,4.0,3430.0,2025-07-18
O283,C154,P74,5.0,3701.0,2025-06-13
O284,C108,P42,2.0,4529.0,2026-03-09
O285,C163,P29,3.0,1825.0,2026-01-30
O286,C48,P90,3.0,1496.0,2025-06-22
O287,C78,P31,1.0,3158.0,2025-09-25
O288,C295,P67,4.0,4421.0,2025-11-03
O289,C115,P46,5.0,2265.0,2025-12-27
O290,C168,P59,4.0,3030.0,2026-01-05
O291,C247,P5,5.0,2883.0,2025-06-19
O292,C260,P73,4.0,453.0,2025-05-17
O293,C133,P17,4.0,2710.0,2026-04-28
O294,C235,P13,2.0,4184.0,2025-07-12
O295,C35,P34,5.0,3644.0,2025-10-18
O296,C63,P86,1.0,1717.0,2026-04-01
O297,C231,P77,3.0,1676.0,2026-05-12
O298,C43,P94,3.0,4511.0,2026-02-15
O299,C267,P24,4.0,470.0,2026-03-24
O300,C234,P71,5.0,963.0,2026-02-27
O301,C71,P52,1.0,2354.0,2025-07-10
O302,C173,P88,1.0,4501.0,2025-06-25
O303,C198,P75,3.0,2098.0,2025-07-17
O304,C276,P87,4.0,2904.0,2025-10-01
O305,C219,P75,5.0,2686.0,2025-10-25
O306,C205,P59,1.0,3975.0,2026-01-07
O307,C170,P61,3.0,3508.0,2025-12-28
O308,C207,P22,4.0,146.0,2025-09-06
O309,C97,P48,1.0,1737.0,2025-12-21
O310,C248,P7,2.0,2248.0,2026-02-17
O311,C193,P85,3.0,579.0,2025-10-12
O312,C73,P40,5.0,2312.0,2025-07-16
O313,C68,P86,4.0,823.0,2025-10-31
O314,C213,P75,5.0,4544.0,2025-07-04
O315,C33,P10,1.0,1540.0,2025-10-26
O316,C149,P46,1.0,2675.0,2026-02-17
O317,C218,P84,1.0,183.0,2026-01-01
O318,C137,P55,4.0,2070.0,2025-07-01
O319,C131,P49,1.0,1260.0,2026-01-08
O320,C200,P73,1.0,3326.0,2025-08-27
O321,C95,P63,1.0,3466.0,2026-03-20
O322,C299,P15,5.0,616.0,2025-07-31
O323,C46,P8,4.0,4174.0,2025-11-05
O324,C163,P94,3.0,101.0,2025-11-02
O325,C120,P37,1.0,3359.0,2026-01-25
O326,C185,P11,5.0,3302.0,2026-04-29
O327,C232,P14,5.0,2702.0,2025-10-03
O328,C142,P57,2.0,3996.0,2025-05-16
O329,C189,P53,5.0,3535.0,2025-05-13
O330,C46,P98,5.0,1163.0,2026-03-29
O331,C300,P3,5.0,859.0,2025-06-16
O332,C33,P97,1.0,755.0,2026-04-01
O333,C45,P68,5.0,3424.0,2025-07-21
O334,C233,P98,2.0,3734.0,2026-03-01
O335,C194,P71,2.0,3322.0,2025-08-12
O336,C8,P29,1.0,1043.0,2026-04-01
O337,C285,P82,3.0,2490.0,2025-09-14
O338,C273,P70,2.0,694.0,2025-08-08
O339,C299,P6,2.0,3818.0,2025-10-23
O340,C204,P98,5.0,1669.0,2025-05-14
O341,C51,P80,1.0,3067.0,2025-10-25
O342,C52,P21,5.0,2355.0,2026-02-27
O343,C56,P21,4.0,4425.0,2025-09-01
O344,C38,P6,4.0,4074.0,2025-09-08
O345,C70,P65,5.0,3849.0,2025-06-12
O346,C125,P73,3.0,2446.0,2025-11-22
O347,C286,P47,3.0,716.0,2026-04-22
O348,C134,P49,4.0,1914.0,2025-08-05
O349,C246,P29,5.0,1942.0,2025-10-14
O350,C260,P47,2.0,4196.0,2025-05-17
O351,C9,P87,4.0,1553.0,2025-06-15
O352,C57,P3,3.0,2285.0,2025-05-27
O353,C245,P8,2.0,3860.0,2025-09-27
O354,C183,P68,4.0,1019.0,2025-11-30
O355,C204,P100,3.0,1953.0,2025-09-12
O356,C44,P96,3.0,1940.0,2026-02-28
O357,C40,P72,5.0,3216.0,2025-07-12
O358,C81,P66,2.0,3772.0,2025-10-30
O359,C114,P62,2.0,1179.0,2025-12-10
O360,C4,P88,5.0,1944.0,2026-03-08
O361,C269,P35,5.0,1822.0,2025-08-25
O362,C152,P62,4.0,2387.0,2025-09-15
O363,C163,P50,5.0,4640.0,2025-05-22
O364,C185,P95,5.0,2723.0,2025-11-09
O365,C147,P92,5.0,4097.0,2026-02-10
O366,C49,P83,5.0,4657.0,2025-06-03
O367,C222,P64,4.0,2866.0,2026-01-18
O368,C64,P18,1.0,1336.0,2025-06-14
O369,C111,P12,5.0,4306.0,2025-05-30
O370,C209,P10,4.0,4296.0,2025-10-12
O371,C16,P95,1.0,2919.0,2025-06-22
O372,C49,P40,5.0,536.0,2025-12-31
O373,C70,P65,5.0,2167.0,2025-06-26
O374,C78,P85,5.0,4066.0,2025-10-26
O375,C189,P37,2.0,2649.0,2025-08-10
O376,C128,P77,4.0,540.0,2025-12-15
O377,C228,P85,3.0,3963.0,2025-10-31
O378,C204,P91,1.0,3966.0,2025-06-22
O379,C176,P87,3.0,1702.0,2025-07-19
O380,C130,P42,2.0,2057.0,2025-09-22
O381,C139,P13,4.0,4802.0,2026-01-15
O382,C66,P80,3.0,4514.0,2026-01-27
O383,C221,P75,2.0,1255.0,2025-08-27
O384,C100,P25,3.0,3621.0,2025-12-13
O385,C225,P34,4.0,1997.0,2025-09-19
O386,C174,P97,5.0,4258.0,2025-09-23
O387,C206,P48,5.0,4433.0,2025-06-17
O388,C287,P16,5.0,1357.0,2025-05-31
O389,C68,P99,1.0,4243.0,2025-10-02
O390,C286,P92,2.0,4117.0,2025-08-04
O391,C159,P37,2.0,2207.0,2025-10-25
O392,C174,P94,5.0,2500.0,2025-06-01
O393,C95,P84,3.0,1607.0,2026-04-26
O394,C1,P98,1.0,1634.0,2025-06-14
O395,C262,P34,2.0,4652.0,2026-01-06
O396,C50,P61,5.0,3769.0,2026-04-07
O397,C289,P48,3.0,1257.0,2026-05-07
O398,C228,P82,5.0,4045.0,2025-11-23
O399,C2,P45,1.0,2744.0,2025-05-25
O400,C143,P61,4.0,4312.0,2025-06-01
O401,C292,P97,3.0,3361.0,2026-04-29
O402,C144,P45,5.0,3826.0,2026-03-22
O403,C29,P58,1.0,4090.0,2025-10-16
O404,C24,P21,3.0,739.0,2025-08-21
O405,C236,P100,1.0,3367.0,2025-06-27
O406,C174,P50,5.0,4112.0,2025-09-06
O407,C139,P43,2.0,4457.0,2025-09-14
O408,C223,P52,3.0,4544.0,2025-07-05
O409,C110,P73,3.0,1037.0,2025-09-10
O410,C288,P21,5.0,451.0,2026-03-30
O411,C43,P58,4.0,468.0,2026-04-14
O412,C197,P28,4.0,3060.0,2025-06-06
O413,C268,P11,1.0,543.0,2025-10-26
O414,C47,P6,3.0,1645.0,2025-05-22
O415,C155,P29,4.0,811.0,2026-03-22
O416,C189,P64,3.0,185.0,2026-02-27
O417,C102,P72,3.0,289.0,2026-05-09
O418,C251,P26,5.0,4153.0,2025-10-16
O419,C21,P69,3.0,1103.0,2025-10-09
O420,C180,P56,4.0,3325.0,2025-10-17
O421,C143,P73,4.0,265.0,2025-10-15
O422,C166,P69,1.0,3740.0,2025-09-13
O423,C164,P71,2.0,2775.0,2026-05-02
O424,C298,P32,1.0,4140.0,2025-12-30
O425,C46,P71,5.0,616.0,2025-07-22
O426,C169,P20,3.0,4855.0,2026-02-07
O427,C53,P62,5.0,2591.0,2026-04-02
O428,C98,P59,2.0,1611.0,2025-08-15
O429,C106,P3,2.0,2394.0,2026-04-29
O430,C291,P32,5.0,1454.0,2025-06-14
O431,C240,P94,2.0,3980.0,2025-12-19
O432,C205,P2,2.0,3758.0,2026-01-08
O433,C205,P64,4.0,3639.0,2026-01-14
O434,C172,P34,1.0,3912.0,2026-03-21
O435,C281,P3,5.0,279.0,2025-09-29
O436,C214,P41,2.0,4522.0,2025-07-16
O437,C96,P73,4.0,4702.0,2025-05-13
O438,C215,P35,3.0,2886.0,2025-12-13
O439,C170,P32,4.0,3244.0,2025-06-23
O440,C55,P74,2.0,4525.0,2025-08-11
O441,C134,P72,4.0,636.0,2025-09-26
O442,C45,P37,1.0,1399.0,2025-10-28
O443,C229,P30,5.0,4231.0,2026-03-01
O444,C295,P53,2.0,2335.0,2025-11-26
O445,C18,P32,1.0,1426.0,2026-03-22
O446,C44,P41,5.0,3671.0,2025-08-19
O447,C62,P18,5.0,3778.0,2025-08-13
O448,C140,P25,3.0,480.0,2025-05-13
O449,C98,P76,2.0,963.0,2026-01-01
O450,C3,P65,5.0,531.0,2025-05-25
O451,C153,P44,5.0,3122.0,2025-06-22
O452,C100,P37,2.0,1613.0,2025-11-02
O453,C169,P45,1.0,4632.0,2026-01-28
O454,C44,P25,5.0,3198.0,2025-07-28
O455,C293,P99,3.0,575.0,2026-03-07
O456,C102,P68,2.0,692.0,2026-04-14
O457,C179,P90,4.0,3752.0,2026-04-23
O458,C157,P8,5.0,4655.0,2026-03-10
O459,C293,P93,3.0,1151.0,2025-09-13
O460,C193,P96,5.0,4186.0,2025-08-09
O461,C190,P51,2.0,1010.0,2025-11-16
O462,C115,P58,3.0,1171.0,2025-07-25
O463,C132,P59,3.0,4368.0,2025-12-18
O464,C298,P12,2.0,4372.0,2025-06-02
O465,C116,P16,3.0,573.0,2026-01-04
O466,C22,P8,5.0,4777.0,2025-05-29
O467,C148,P34,4.0,2278.0,2026-01-27
O468,C19,P60,2.0,3886.0,2026-01-23
O469,C163,P87,5.0,4415.0,2026-03-20
O470,C99,P96,1.0,929.0,2025-11-08
O471,C50,P21,1.0,3163.0,2025-07-04
O472,C199,P34,2.0,3090.0,2025-07-16
O473,C275,P31,2.0,2989.0,2026-03-08
O474,C46,P77,3.0,2389.0,2025-12-26
O475,C78,P59,1.0,615.0,2025-05-18
O476,C178,P84,2.0,4167.0,2026-05-09
O477,C158,P4,1.0,437.0,2025-07-10
O478,C225,P41,4.0,951.0,2025-10-26
O479,C35,P6,1.0,3512.0,2026-04-17
O480,C42,P14,2.0,321.0,2025-09-19
O481,C286,P32,1.0,612.0,2025-12-22
O482,C105,P77,3.0,2526.0,2025-10-27
O483,C61,P66,1.0,3947.0,2025-06-29
O484,C201,P75,3.0,2153.0,2026-01-20
O485,C21,P97,1.0,2277.0,2025-09-10
O486,C269,P82,4.0,2588.0,2026-04-04
O487,C189,P51,1.0,4305.0,2025-11-01
O488,C44,P41,2.0,4006.0,2026-02-18
O489,C129,P40,3.0,1604.0,2026-02-12
O490,C26,P43,5.0,3040.0,2025-07-04
O491,C97,P54,3.0,958.0,2026-03-26
O492,C132,P13,4.0,2213.0,2025-10-10
O493,C270,P71,4.0,3720.0,2025-06-28
O494,C9,P36,1.0,1569.0,2025-05-14
O495,C50,P81,1.0,2488.0,2025-10-12
O496,C120,P6,2.0,1926.0,2026-02-17
O497,C153,P49,1.0,783.0,2026-04-25
O498,C159,P91,1.0,4115.0,2026-04-06
O499,C296,P73,2.0,299.0,2025-09-24
O500,C18,P76,4.0,1355.0,2025-07-10
O501,C285,P28,3.0,2231.0,2025-06-22
O502,C126,P12,3.0,3434.0,2026-01-26
O503,C74,P54,2.0,4996.0,2026-01-07
O504,C108,P75,1.0,4333.0,2025-10-12
O505,C116,P10,4.0,3037.0,2025-07-07
O506,C47,P97,4.0,2456.0,2025-12-11
O507,C231,P44,4.0,1579.0,2025-12-02
O508,C281,P58,4.0,2400.0,2026-05-07
O509,C58,P5,5.0,205.0,2025-06-26
O510,C5,P32,2.0,3048.0,2025-11-24
O511,C226,P85,3.0,1817.0,2026-05-06
O512,C230,P74,3.0,3699.0,2026-03-30
O513,C181,P28,4.0,2498.0,2025-12-22
O514,C87,P17,2.0,4050.0,2026-02-20
O515,C192,P74,2.0,4754.0,2025-10-27
O516,C124,P60,1.0,979.0,2025-05-14
O517,C296,P9,4.0,569.0,2025-11-19
O518,C288,P91,4.0,1648.0,2025-12-21
O519,C239,P90,5.0,3444.0,2025-09-17
O520,C200,P93,3.0,4025.0,2025-11-04
O521,C85,P56,4.0,1550.0,2026-03-06
O522,C25,P9,1.0,3394.0,2025-10-21
O523,C10,P35,1.0,2816.0,2025-06-05
O524,C138,P4,1.0,4173.0,2025-07-24
O525,C64,P12,5.0,1292.0,2025-08-09
O526,C272,P79,4.0,3595.0,2025-08-22
O527,C221,P7,1.0,1670.0,2025-07-10
O528,C163,P82,3.0,2424.0,2025-07-31
O529,C270,P65,3.0,948.0,2025-12-24
O530,C147,P54,4.0,3039.0,2026-03-11
O531,C278,P100,1.0,2140.0,2026-03-28
O532,C98,P5,2.0,588.0,2025-12-16
O533,C82,P5,1.0,1353.0,2026-03-31
O534,C129,P43,2.0,2765.0,2025-09-06
O535,C78,P68,3.0,1575.0,2026-03-05
O536,C93,P36,2.0,4024.0,2025-06-05
O537,C85,P65,4.0,1282.0,2026-01-12
O538,C193,P85,2.0,1659.0,2025-09-11
O539,C228,P62,1.0,2203.0,2025-07-20
O540,C196,P2,1.0,3489.0,2026-02-06
O541,C298,P15,1.0,2904.0,2026-01-02
O542,C264,P64,5.0,2359.0,2025-09-24
O543,C116,P41,1.0,4368.0,2026-02-02
O544,C189,P40,4.0,794.0,2026-02-09
O545,C123,P97,1.0,169.0,2025-09-04
O546,C11,P24,3.0,3164.0,2025-09-13
O547,C39,P85,5.0,2566.0,2025-07-11
O548,C266,P94,1.0,2895.0,2026-03-20
O549,C258,P91,5.0,4633.0,2025-12-11
O550,C259,P13,4.0,2251.0,2025-12-19
O551,C254,P65,3.0,3192.0,2025-11-10
O552,C246,P42,3.0,3058.0,2026-04-03
O553,C257,P70,1.0,3474.0,2025-09-14
O554,C184,P73,4.0,2278.0,2026-01-03
O555,C225,P70,3.0,1481.0,2025-08-29
O556,C69,P9,3.0,3702.0,2025-08-17
O557,C79,P62,4.0,3095.0,2025-07-29
O558,C218,P53,5.0,1196.0,2025-12-02
O559,C69,P71,2.0,4749.0,2025-11-10
O560,C262,P9,2.0,2958.0,2025-10-19
O561,C293,P92,1.0,2958.0,2026-04-16
O562,C7,P9,4.0,1380.0,2026-02-17
O563,C291,P87,1.0,1521.0,2025-08-04
O564,C62,P43,3.0,578.0,2026-04-28
O565,C206,P20,5.0,4722.0,2025-05-30
O566,C215,P68,4.0,4071.0,2025-10-12
O567,C31,P54,5.0,3359.0,2026-04-20
O568,C200,P82,4.0,3168.0,2025-06-21
O569,C191,P96,3.0,4996.0,2025-05-30
O570,C288,P55,4.0,4492.0,2025-11-19
O571,C142,P92,5.0,4736.0,2025-05-14
O572,C275,P31,5.0,3173.0,2025-08-10
O573,C241,P94,2.0,2732.0,2025-12-25
O574,C72,P68,1.0,726.0,2026-04-04
O575,C123,P11,2.0,2834.0,2025-11-14
O576,C21,P93,3.0,4250.0,2025-06-29
O577,C285,P97,4.0,2731.0,2025-09-13
O578,C110,P19,5.0,4059.0,2025-08-30
O579,C62,P92,2.0,1568.0,2025-06-23
O580,C118,P7,2.0,2304.0,2025-12-04
O581,C8,P70,1.0,3348.0,2026-02-27
O582,C36,P25,2.0,2617.0,2025-11-18
O583,C226,P1,2.0,4289.0,2025-09-12
O584,C232,P45,3.0,3754.0,2025-07-23
O585,C28,P98,3.0,4859.0,2025-05-14
O586,C103,P46,5.0,797.0,2025-06-24
O587,C278,P61,3.0,4629.0,2025-06-16
O588,C241,P28,1.0,2514.0,2025-06-15
O589,C80,P27,4.0,4469.0,2026-01-14
O590,C27,P2,5.0,2487.0,2025-06-17
O591,C189,P3,4.0,2881.0,2025-06-20
O592,C15,P46,1.0,2219.0,2026-05-07
O593,C145,P5,1.0,1916.0,2025-11-28
O594,C212,P81,1.0,4421.0,2026-02-15
O595,C3,P55,1.0,4286.0,2025-09-03
O596,C219,P96,4.0,390.0,2025-06-14
O597,C115,P85,1.0,4589.0,2026-01-31
O598,C58,P85,1.0,2150.0,2025-11-25
O599,C95,P1,3.0,1963.0,2026-01-02
O600,C16,P28,1.0,2018.0,2026-01-24
O601,C62,P5,5.0,855.0,2025-08-01
O602,C275,P62,2.0,1014.0,2025-11-24
O603,C255,P88,2.0,1866.0,2025-06-12
O604,C210,P7,3.0,970.0,2026-01-30
O605,C224,P14,3.0,155.0,2025-12-09
O606,C48,P34,3.0,4214.0,2025-10-29
O607,C245,P9,1.0,1034.0,2025-08-15
O608,C260,P32,4.0,1859.0,2025-09-02
O609,C228,P23,1.0,1689.0,2025-12-28
O610,C147,P61,1.0,4638.0,2025-12-28
O611,C225,P100,1.0,1063.0,2025-11-13
O612,C265,P76,1.0,3993.0,2025-07-18
O613,C166,P76,5.0,3527.0,2025-06-17
O614,C81,P95,3.0,2420.0,2026-04-05
O615,C145,P98,1.0,1988.0,2025-12-31
O616,C172,P38,3.0,2727.0,2026-04-30
O617,C150,P66,3.0,3472.0,2025-05-26
O618,C116,P34,3.0,4790.0,2025-12-15
O619,C153,P55,5.0,4954.0,2025-07-14
O620,C89,P39,4.0,2721.0,2026-01-03
O621,C31,P35,5.0,1476.0,2025-07-03
O622,C33,P38,2.0,4120.0,2025-12-02
O623,C171,P70,1.0,1777.0,2026-01-03
O624,C227,P64,1.0,130.0,2025-08-10
O625,C123,P37,3.0,4630.0,2026-01-22
O626,C296,P57,5.0,1175.0,2026-04-30
O627,C181,P47,2.0,1112.0,2025-12-24
O628,C270,P9,4.0,3902.0,2025-07-01
O629,C266,P72,2.0,4390.0,2025-06-01
O630,C96,P92,4.0,1857.0,2026-02-11
O631,C250,P11,1.0,1877.0,2025-07-14
O632,C27,P80,3.0,4485.0,2026-01-14
O633,C244,P46,3.0,1614.0,2026-02-05
O634,C3,P80,4.0,3790.0,2025-10-10
O635,C22,P58,5.0,188.0,2025-07-12
O636,C297,P74,3.0,695.0,2025-11-03
O637,C53,P58,5.0,1232.0,2025-11-07
O638,C236,P84,3.0,1970.0,2025-08-20
O639,C118,P86,2.0,2505.0,2025-06-12
O640,C2,P48,4.0,3767.0,2025-11-28
O641,C139,P70,4.0,4451.0,2026-05-11
O642,C279,P8,1.0,3573.0,2026-05-01
O643,C285,P82,1.0,421.0,2025-06-07
O644,C128,P14,4.0,516.0,2026-03-07
O645,C67,P84,3.0,2705.0,2025-07-24
O646,C230,P67,3.0,3147.0,2025-08-23
O647,C248,P48,5.0,3607.0,2025-11-11
O648,C216,P89,5.0,3670.0,2025-12-07
O649,C299,P19,1.0,1838.0,2025-09-29
O650,C135,P29,1.0,3250.0,2026-01-23
O651,C159,P50,3.0,1881.0,2025-09-03
O652,C63,P9,4.0,846.0,2026-02-11
O653,C231,P91,2.0,3404.0,2026-04-04
O654,C267,P95,5.0,3246.0,2025-12-13
O655,C54,P92,3.0,4568.0,2026-03-10
O656,C191,P94,3.0,4154.0,2026-05-02
O657,C144,P14,3.0,2755.0,2025-07-10
O658,C18,P70,2.0,1907.0,2025-08-27
O659,C38,P15,2.0,206.0,2025-07-26
O660,C207,P73,1.0,123.0,2025-07-29
O661,C155,P9,4.0,4871.0,2025-08-28
O662,C92,P75,3.0,1436.0,2026-02-04
O663,C245,P21,3.0,2640.0,2025-10-30
O664,C178,P66,2.0,300.0,2025-08-13
O665,C201,P91,2.0,1705.0,2026-02-24
O666,C261,P54,5.0,328.0,2026-02-13
O667,C202,P74,3.0,1546.0,2025-07-08
O668,C184,P16,5.0,1859.0,2026-01-21
O669,C183,P73,1.0,3545.0,2025-07-13
O670,C92,P54,5.0,4448.0,2026-04-09
O671,C203,P11,4.0,1085.0,2025-08-29
O672,C287,P50,5.0,4801.0,2026-03-27
O673,C8,P67,2.0,1623.0,2026-03-07
O674,C45,P53,5.0,2031.0,2026-05-04
O675,C235,P75,4.0,3078.0,2025-06-26
O676,C44,P58,4.0,3800.0,2025-07-26
O677,C240,P73,4.0,3184.0,2026-03-02
O678,C32,P44,4.0,1989.0,2025-08-06
O679,C193,P67,1.0,1812.0,2025-11-08
O680,C130,P19,1.0,2052.0,2025-11-10
O681,C33,P10,2.0,3388.0,2025-06-11
O682,C112,P69,2.0,4298.0,2025-10-28
O683,C79,P31,3.0,217.0,2025-12-10
O684,C189,P87,5.0,4569.0,2025-09-04
O685,C50,P18,1.0,4207.0,2025-07-24
O686,C82,P8,1.0,934.0,2025-08-26
O687,C66,P42,3.0,1419.0,2025-10-18
O688,C186,P58,2.0,736.0,2025-12-15
O689,C60,P78,5.0,4978.0,2025-07-07
O690,C176,P58,5.0,435.0,2025-12-16
O691,C268,P5,5.0,4987.0,2025-09-04
O692,C198,P16,3.0,1619.0,2025-06-18
O693,C69,P25,3.0,2642.0,2025-08-01
O694,C264,P7,5.0,1402.0,2025-06-29
O695,C11,P34,5.0,2159.0,2025-10-23
O696,C114,P95,5.0,671.0,2026-05-06
O697,C37,P15,1.0,2835.0,2026-04-30
O698,C123,P8,1.0,4022.0,2025-07-20
O699,C166,P34,1.0,4616.0,2025-07-24
O700,C208,P83,1.0,554.0,2025-06-17
O701,C229,P18,1.0,4009.0,2025-11-06
O702,C61,P13,1.0,4952.0,2025-09-13
O703,C39,P53,3.0,3841.0,2025-05-26
O704,C14,P44,5.0,4464.0,2026-01-22
O705,C285,P36,4.0,1165.0,2025-12-05
O706,C246,P1,4.0,2899.0,2026-01-10
O707,C23,P85,5.0,551.0,2026-02-22
O708,C67,P24,1.0,3450.0,2026-01-09
O709,C295,P32,4.0,2083.0,2025-12-10
O710,C81,P5,4.0,2259.0,2025-07-13
O711,C250,P59,5.0,1010.0,2025-08-26
O712,C61,P25,4.0,3031.0,2026-02-22
O713,C19,P41,4.0,1739.0,2025-11-01
O714,C142,P52,5.0,4969.0,2025-08-19
O715,C92,P19,1.0,4218.0,2025-11-13
O716,C194,P32,4.0,1210.0,2025-05-17
O717,C179,P54,1.0,992.0,2026-03-20
O718,C18,P88,4.0,4254.0,2025-09-01
O719,C186,P21,3.0,4088.0,2026-03-14
O720,C104,P97,2.0,3615.0,2025-11-18
O721,C206,P90,3.0,596.0,2025-08-05
O722,C230,P71,5.0,3520.0,2026-02-28
O723,C190,P100,5.0,4417.0,2026-02-18
O724,C12,P54,5.0,3974.0,2025-06-03
O725,C173,P26,3.0,1793.0,2026-05-11
O726,C274,P21,4.0,1248.0,2025-06-10
O727,C12,P5,2.0,1922.0,2025-12-18
O728,C58,P72,5.0,2959.0,2025-07-03
O729,C236,P58,1.0,683.0,2025-08-30
O730,C263,P7,5.0,1442.0,2026-01-13
O731,C9,P94,4.0,3686.0,2026-04-12
O732,C73,P4,4.0,2309.0,2025-12-13
O733,C10,P86,2.0,3696.0,2026-03-21
O734,C261,P13,1.0,473.0,2025-07-07
O735,C81,P39,5.0,986.0,2026-01-04
O736,C184,P33,4.0,4680.0,2025-09-15
O737,C148,P77,1.0,1614.0,2026-03-23
O738,C228,P26,3.0,184.0,2025-08-17
O739,C69,P70,2.0,4498.0,2025-08-12
O740,C37,P61,2.0,1327.0,2025-08-03
O741,C47,P23,2.0,4600.0,2026-04-14
O742,C115,P60,4.0,485.0,2025-08-31
O743,C225,P44,1.0,1104.0,2025-11-13
O744,C71,P29,3.0,1649.0,2025-08-16
O745,C186,P28,1.0,1618.0,2026-03-11
O746,C277,P56,4.0,1196.0,2025-10-12
O747,C180,P12,5.0,4747.0,2026-04-22
O748,C298,P96,4.0,447.0,2026-04-08
O749,C224,P44,2.0,2385.0,2025-06-15
O750,C130,P44,2.0,1347.0,2025-05-27
O751,C1,P91,3.0,2308.0,2025-12-04
O752,C229,P27,1.0,1819.0,2026-01-19
O753,C134,P22,2.0,2725.0,2025-10-23
O754,C279,P97,3.0,1430.0,2025-05-23
O755,C69,P55,4.0,561.0,2026-02-02
O756,C268,P49,3.0,1824.0,2025-10-30
O757,C173,P69,4.0,4952.0,2025-06-02
O758,C294,P83,5.0,2013.0,2026-01-13
O759,C291,P23,4.0,1994.0,2026-05-06
O760,C141,P56,5.0,603.0,2026-02-19
O761,C42,P82,2.0,256.0,2025-07-05
O762,C129,P98,4.0,3090.0,2026-05-07
O763,C289,P84,3.0,3461.0,2025-11-03
O764,C134,P70,2.0,287.0,2025-06-08
O765,C36,P47,4.0,567.0,2025-05-27
O766,C20,P32,4.0,4344.0,2026-05-11
O767,C164,P69,3.0,277.0,2026-03-03
O768,C177,P51,1.0,4534.0,2025-08-04
O769,C115,P55,5.0,1894.0,2026-03-02
O770,C30,P69,2.0,2978.0,2025-12-05
O771,C291,P78,2.0,312.0,2026-04-12
O772,C203,P64,1.0,3825.0,2026-02-02
O773,C120,P43,4.0,3174.0,2025-11-30
O774,C126,P49,1.0,143.0,2026-05-03
O775,C172,P75,2.0,1120.0,2026-01-05
O776,C278,P15,5.0,922.0,2025-09-02
O777,C110,P42,5.0,3096.0,2026-03-17
O778,C205,P27,2.0,1131.0,2025-06-08
O779,C251,P17,5.0,821.0,2025-09-07
O780,C239,P63,5.0,157.0,2025-11-26
O781,C282,P30,2.0,3970.0,2025-09-21
O782,C14,P72,3.0,276.0,2025-12-11
O783,C279,P35,3.0,3664.0,2025-08-10
O784,C3,P23,5.0,751.0,2026-01-09
O785,C151,P63,4.0,788.0,2026-02-01
O786,C210,P46,4.0,4989.0,2025-06-26
O787,C139,P31,5.0,385.0,2026-03-14
O788,C218,P96,5.0,3324.0,2026-01-16
O789,C122,P59,5.0,446.0,2026-03-30
O790,C27,P6,3.0,2830.0,2026-01-12
O791,C144,P99,2.0,4551.0,2025-06-17
O792,C57,P73,3.0,4167.0,2025-11-11
O793,C65,P8,2.0,4268.0,2026-04-20
O794,C163,P71,4.0,2989.0,2025-07-04
O795,C260,P16,2.0,2217.0,2025-10-27
O796,C194,P71,3.0,2865.0,2025-12-21
O797,C274,P95,1.0,4751.0,2026-05-10
O798,C100,P1,3.0,502.0,2025-07-20
O799,C44,P94,1.0,1777.0,2025-07-12
O800,C266,P85,2.0,946.0,2025-07-13
O801,C193,P11,4.0,387.0,2025-08-14
O802,C157,P12,3.0,3402.0,2026-02-09
O803,C285,P39,4.0,2181.0,2025-12-15
O804,C154,P57,4.0,4515.0,2026-01-11
O805,C67,P47,1.0,893.0,2025-07-14
O806,C276,P97,4.0,3962.0,2026-02-08
O807,C257,P31,3.0,745.0,2026-03-30
O808,C244,P64,3.0,1098.0,2026-01-04
O809,C58,P6,3.0,4505.0,2026-04-30
O810,C281,P31,5.0,111.0,2026-01-02
O811,C90,P36,3.0,4442.0,2025-12-25
O812,C21,P27,4.0,1318.0,2025-07-08
O813,C258,P78,1.0,1216.0,2026-04-24
O814,C46,P26,5.0,1464.0,2025-08-25
O815,C224,P82,3.0,1733.0,2025-12-26
O816,C170,P9,4.0,3020.0,2025-09-29
O817,C287,P68,1.0,1779.0,2026-03-22
O818,C156,P36,5.0,4566.0,2025-08-23
O819,C15,P89,1.0,2634.0,2026-01-29
O820,C41,P51,4.0,2840.0,2025-11-25
O821,C146,P11,3.0,268.0,2025-10-05
O822,C287,P82,1.0,2243.0,2025-09-27
O823,C49,P44,4.0,850.0,2026-04-26
O824,C39,P73,4.0,1338.0,2026-03-28
O825,C10,P36,4.0,414.0,2025-10-05
O826,C195,P97,3.0,4697.0,2025-09-08
O827,C95,P69,2.0,4320.0,2026-04-24
O828,C107,P26,2.0,1366.0,2025-08-05
O829,C130,P27,2.0,2237.0,2025-05-22
O830,C231,P64,3.0,587.0,2025-10-15
O831,C128,P98,5.0,946.0,2025-05-20
O832,C298,P67,2.0,4169.0,2025-06-08
O833,C272,P47,1.0,2417.0,2026-03-06
O834,C233,P32,4.0,4268.0,2025-10-04
O835,C262,P43,4.0,1002.0,2025-06-06
O836,C33,P39,2.0,4359.0,2025-08-25
O837,C86,P97,4.0,255.0,2025-10-26
O838,C42,P25,5.0,3481.0,2025-10-30
O839,C152,P37,3.0,4317.0,2026-04-16
O840,C285,P58,1.0,4033.0,2026-04-09
O841,C44,P66,5.0,1693.0,2025-05-19
O842,C9,P48,5.0,275.0,2026-04-17
O843,C209,P63,5.0,1400.0,2026-04-13
O844,C256,P12,4.0,2592.0,2025-11-08
O845,C189,P38,4.0,3507.0,2025-12-21
O846,C133,P94,4.0,4417.0,2025-06-02
O847,C185,P40,4.0,2885.0,2026-02-15
O848,C4,P29,4.0,1175.0,2025-09-01
O849,C113,P90,4.0,482.0,2025-10-10
O850,C275,P85,1.0,4061.0,2026-04-30
O851,C42,P63,1.0,3119.0,2025-06-17
O852,C111,P90,2.0,188.0,2025-12-25
O853,C175,P82,3.0,2788.0,2026-01-09
O854,C274,P3,3.0,1764.0,2025-05-25
O855,C174,P73,1.0,1701.0,2025-08-31
O856,C268,P64,3.0,1402.0,2025-06-02
O857,C25,P77,5.0,3227.0,2025-11-19
O858,C36,P78,4.0,2505.0,2025-11-06
O859,C240,P64,5.0,498.0,2025-10-14
O860,C14,P84,2.0,2318.0,2026-01-20
O861,C203,P83,3.0,3223.0,2025-09-06
O862,C75,P38,3.0,1014.0,2025-09-22
O863,C193,P56,1.0,595.0,2025-08-02
O864,C144,P78,4.0,3323.0,2025-12-11
O865,C153,P28,5.0,2456.0,2026-01-13
O866,C291,P53,3.0,4553.0,2025-11-07
O867,C101,P8,4.0,2681.0,2026-04-05
O868,C264,P20,1.0,492.0,2025-10-10
O869,C67,P7,5.0,2971.0,2026-02-11
O870,C33,P62,4.0,584.0,2026-01-20
O871,C249,P79,3.0,4364.0,2025-06-19
O872,C11,P1,1.0,259.0,2025-10-22
O873,C93,P17,1.0,366.0,2025-07-31
O874,C185,P9,4.0,4450.0,2025-08-11
O875,C38,P20,3.0,1039.0,2025-12-24
O876,C166,P7,5.0,3415.0,2025-07-05
O877,C294,P94,5.0,584.0,2025-08-18
O878,C126,P44,5.0,1895.0,2025-10-15
O879,C199,P77,5.0,4381.0,2025-11-16
O880,C253,P11,4.0,1208.0,2026-02-10
O881,C63,P77,5.0,1015.0,2025-09-17
O882,C8,P90,5.0,2394.0,2025-10-16
O883,C50,P3,2.0,2569.0,2026-03-15
O884,C82,P93,4.0,4667.0,2025-06-09
O885,C135,P81,3.0,1825.0,2025-10-07
O886,C39,P50,2.0,3688.0,2025-11-07
O887,C81,P71,3.0,2655.0,2026-01-25
O888,C191,P74,1.0,913.0,2026-01-19
O889,C66,P78,4.0,1403.0,2025-12-02
O890,C103,P69,1.0,4020.0,2026-03-17
O891,C186,P45,5.0,2069.0,2025-05-17
O892,C132,P33,3.0,381.0,2025-10-31
O893,C15,P9,3.0,2804.0,2025-07-20
O894,C131,P13,4.0,1711.0,2025-10-10
O895,C124,P90,4.0,1678.0,2025-11-20
O896,C283,P60,5.0,1343.0,2025-10-12
O897,C5,P45,3.0,2548.0,2025-05-27
O898,C294,P4,4.0,4335.0,2025-08-01
O899,C247,P70,2.0,1360.0,2026-02-27
O900,C177,P60,3.0,2944.0,2025-09-08
O901,C251,P28,2.0,3420.0,2025-12-25
O902,C284,P44,1.0,528.0,2026-01-09
O903,C124,P60,2.0,4021.0,2025-11-05
O904,C162,P13,1.0,1773.0,2025-10-04
O905,C234,P52,3.0,2341.0,2025-10-08
O906,C268,P82,1.0,1615.0,2026-02-08
O907,C246,P19,1.0,2318.0,2025-09-25
O908,C58,P12,3.0,285.0,2025-09-21
O909,C81,P87,2.0,561.0,2025-11-22
O910,C163,P8,4.0,3787.0,2026-03-03
O911,C193,P76,1.0,3711.0,2025-06-07
O912,C263,P22,3.0,119.0,2026-03-16
O913,C94,P12,1.0,301.0,2025-09-22
O914,C122,P46,5.0,3894.0,2025-12-28
O915,C187,P63,5.0,693.0,2025-07-15
O916,C165,P59,3.0,200.0,2025-08-11
O917,C70,P67,1.0,2696.0,2025-07-11
O918,C110,P30,1.0,3139.0,2026-01-02
O919,C22,P19,1.0,4838.0,2026-05-05
O920,C129,P25,2.0,2886.0,2025-12-04
O921,C183,P85,1.0,1194.0,2026-04-08
O922,C165,P9,2.0,4407.0,2025-05-24
O923,C122,P90,3.0,4516.0,2025-07-17
O924,C191,P94,5.0,152.0,2025-11-20
O925,C283,P94,3.0,2624.0,2025-07-07
O926,C183,P73,1.0,3863.0,2026-04-21
O927,C221,P28,4.0,3704.0,2026-02-09
O928,C98,P74,5.0,2261.0,2026-04-15
O929,C240,P32,2.0,1967.0,2026-03-08
O930,C186,P29,4.0,1465.0,2025-10-01
O931,C99,P34,3.0,1899.0,2025-12-13
O932,C122,P56,2.0,1984.0,2026-03-05
O933,C6,P36,2.0,808.0,2025-09-24
O934,C182,P99,1.0,4375.0,2026-02-12
O935,C74,P57,1.0,4466.0,2025-06-23
O936,C10,P98,1.0,4051.0,2025-05-22
O937,C229,P69,4.0,2109.0,2025-06-04
O938,C238,P57,1.0,3120.0,2025-09-08
O939,C193,P72,4.0,1544.0,2026-03-25
O940,C7,P72,5.0,3963.0,2025-11-07
O941,C299,P18,4.0,2445.0,2025-08-04
O942,C91,P98,5.0,3701.0,2026-04-18
O943,C185,P54,4.0,1701.0,2026-01-14
O944,C43,P26,5.0,1387.0,2025-11-04
O945,C219,P28,1.0,2481.0,2026-02-25
O946,C123,P20,4.0,1597.0,2025-06-03
O947,C265,P82,3.0,2441.0,2026-01-11
O948,C175,P84,3.0,2545.0,2025-07-10
O949,C22,P49,5.0,484.0,2026-04-30
O950,C201,P31,2.0,3673.0,2025-05-28
O951,C264,P56,4.0,2339.0,2026-03-29
O952,C66,P2,3.0,2020.0,2026-05-10
O953,C243,P78,4.0,3011.0,2025-08-24
O954,C45,P57,4.0,1106.0,2025-11-24
O955,C16,P7,1.0,2686.0,2025-05-16
O956,C271,P45,1.0,969.0,2025-12-15
O957,C221,P59,5.0,3059.0,2025-06-25
O958,C214,P96,3.0,4884.0,2025-06-03
O959,C137,P18,4.0,4259.0,2025-07-25
O960,C16,P42,1.0,4971.0,2026-03-03
O961,C6,P60,5.0,438.0,2026-03-03
O962,C29,P46,1.0,345.0,2025-07-27
O963,C122,P70,1.0,3679.0,2025-10-08
O964,C15,P58,1.0,3119.0,2025-05-29
O965,C7,P17,5.0,687.0,2025-12-30
O966,C287,P31,3.0,4634.0,2026-03-23
O967,C85,P55,5.0,767.0,2026-02-15
O968,C96,P46,5.0,3773.0,2025-12-22
O969,C193,P68,1.0,4379.0,2025-09-15
O970,C103,P70,3.0,2203.0,2026-01-03
O971,C6,P18,3.0,3899.0,2025-12-09
O972,C56,P31,4.0,123.0,2025-11-19
O973,C208,P33,2.0,4196.0,2025-12-17
O974,C212,P77,4.0,167.0,2025-11-23
O975,C185,P57,5.0,2065.0,2026-02-17
O976,C281,P38,2.0,3590.0,2025-08-31
O977,C23,P99,5.0,2054.0,2025-10-02
O978,C18,P94,4.0,4496.0,2025-12-23
O979,C104,P55,2.0,3702.0,2026-05-09
O980,C238,P50,3.0,3200.0,2026-05-03
O981,C135,P71,2.0,551.0,2025-08-25
O982,C277,P44,2.0,2825.0,2025-11-04
O983,C121,P35,5.0,3517.0,2026-04-22
O984,C115,P41,3.0,4696.0,2025-10-31
O985,C68,P46,4.0,572.0,2025-05-29
O986,C12,P65,1.0,1866.0,2026-04-18
O987,C53,P71,5.0,3949.0,2025-09-07
O988,C204,P28,5.0,2354.0,2026-01-30
O989,C263,P88,1.0,136.0,2025-08-23
O990,C108,P4,1.0,4835.0,2026-02-27
O991,C49,P51,2.0,4005.0,2026-01-20
O992,C22,P38,2.0,1226.0,2025-08-16
O993,C137,P27,1.0,760.0,2025-10-26
O994,C90,P9,4.0,2099.0,2025-10-28
O995,C94,P52,3.0,3216.0,2025-08-19
O996,C300,P18,1.0,475.0,2026-02-01
O997,C114,P8,1.0,778.0,2025-09-29
O998,C190,P99,4.0,3641.0,2026-05-04
O999,C178,P26,5.0,108.0,2025-10-20
O1000,C31,P38,1.0,863.0,2025-12-13
O1,C171,P22,1.0,531.0,2025-08-29
